Workbook

Sheet WA_Fn-UseC_-Telco-Customer-Chur
A1: customerID | B1: gender | C1: SeniorCitizen | D1: Partner | E1: Dependents | F1: tenure | G1: TenureGroup | H1: PhoneService | I1: MultipleLines | J1: InternetService | K1: OnlineSecurity | L1: OnlineBackup | M1: DeviceProtection | N1: TechSupport | O1: StreamingTV | P1: StreamingMovies | Q1: Contract | R1: PaperlessBilling | S1: PaymentMethod | T1: MonthlyCharges | U1: TotalCharges | V1: ChurnFlag | W1: Churn
A2: 7590-VHVEG | B2: Female | C2: 0 | D2: Yes | E2: No | F2: 1 | G2: =IF(Telco[[#This Row],[tenure]]<=12,"0–12",IF(Telco[[#This Row],[tenure]]<=24,"13–24",IF(Telco[[#This Row],[tenure]]<=48,"25–48","49–72"))) -> 0–12 | H2: No | I2: No phone service | J2: DSL | K2: No | L2: Yes | M2: No | N2: No | O2: No | P2: No | Q2: Month-to-month | R2: Yes | S2: Electronic check | T2: 29.85 | U2: 29.85 | V2: =IF(Telco[[#This Row],[Churn]]="Yes",1,0) -> 0 | W2: No
A3: 5575-GNVDE | B3: Male | C3: 0 | D3: No | E3: No | F3: 34 | G3: =IF(Telco[[#This Row],[tenure]]<=12,"0–12",IF(Telco[[#This Row],[tenure]]<=24,"13–24",IF(Telco[[#This Row],[tenure]]<=48,"25–48","49–72"))) -> 25–48 | H3: Yes | I3: No | J3: DSL | K3: Yes | L3: No | M3: Yes | N3: No | O3: No | P3: No | Q3: One year | R3: No | S3: Mailed check | T3: 56.95 | U3: 1889.5 | V3: =IF(Telco[[#This Row],[Churn]]="Yes",1,0) -> 0 | W3: No
A4: 3668-QPYBK | B4: Male | C4: 0 | D4: No | E4: No | F4: 2 | G4: =IF(Telco[[#This Row],[tenure]]<=12,"0–12",IF(Telco[[#This Row],[tenure]]<=24,"13–24",IF(Telco[[#This Row],[tenure]]<=48,"25–48","49–72"))) -> 0–12 | H4: Yes | I4: No | J4: DSL | K4: Yes | L4: Yes | M4: No | N4: No | O4: No | P4: No | Q4: Month-to-month | R4: Yes | S4: Mailed check | T4: 53.85 | U4: 108.15 | V4: =IF(Telco[[#This Row],[Churn]]="Yes",1,0) -> 1 | W4: Yes
A5: 7795-CFOCW | B5: Male | C5: 0 | D5: No | E5: No | F5: 45 | G5: =IF(Telco[[#This Row],[tenure]]<=12,"0–12",IF(Telco[[#This Row],[tenure]]<=24,"13–24",IF(Telco[[#This Row],[tenure]]<=48,"25–48","49–72"))) -> 25–48 | H5: No | I5: No phone service | J5: DSL | K5: Yes | L5: No | M5: Yes | N5: Yes | O5: No | P5: No | Q5: One year | R5: No | S5: Bank transfer (automatic) | T5: 42.3 | U5: 1840.75 | V5: =IF(Telco[[#This Row],[Churn]]="Yes",1,0) -> 0 | W5: No
A6: 9237-HQITU | B6: Female | C6: 0 | D6: No | E6: No | F6: 2 | G6: =IF(Telco[[#This Row],[tenure]]<=12,"0–12",IF(Telco[[#This Row],[tenure]]<=24,"13–24",IF(Telco[[#This Row],[tenure]]<=48,"25–48","49–72"))) -> 0–12 | H6: Yes | I6: No | J6: Fiber optic | K6: No | L6: No | M6: No | N6: No | O6: No | P6: No | Q6: Month-to-month | R6: Yes | S6: Electronic check | T6: 70.7 | U6: 151.65 | V6: =IF(Telco[[#This Row],[Churn]]="Yes",1,0) -> 1 | W6: Yes
A7: 9305-CDSKC | B7: Female | C7: 0 | D7: No | E7: No | F7: 8 | G7: =IF(Telco[[#This Row],[tenure]]<=12,"0–12",IF(Telco[[#This Row],[tenure]]<=24,"13–24",IF(Telco[[#This Row],[tenure]]<=48,"25–48","49–72"))) -> 0–12 | H7: Yes | I7: Yes | J7: Fiber optic | K7: No | L7: No | M7: Yes | N7: No | O7: Yes | P7: Yes | Q7: Month-to-month | R7: Yes | S7: Electronic check | T7: 99.65 | U7: 820.5 | V7: =IF(Telco[[#This Row],[Churn]]="Yes",1,0) -> 1 | W7: Yes
A8: 1452-KIOVK | B8: Male | C8: 0 | D8: No | E8: Yes | F8: 22 | G8: =IF(Telco[[#This Row],[tenure]]<=12,"0–12",IF(Telco[[#This Row],[tenure]]<=24,"13–24",IF(Telco[[#This Row],[tenure]]<=48,"25–48","49–72"))) -> 13–24 | H8: Yes | I8: Yes | J8: Fiber optic | K8: No | L8: Yes | M8: No | N8: No | O8: Yes | P8: No | Q8: Month-to-month | R8: Yes | S8: Credit card (automatic) | T8: 89.1 | U8: 1949.4 | V8: =IF(Telco[[#This Row],[Churn]]="Yes",1,0) -> 0 | W8: No
A9: 6713-OKOMC | B9: Female | C9: 0 | D9: No | E9: No | F9: 10 | G9: =IF(Telco[[#This Row],[tenure]]<=12,"0–12",IF(Telco[[#This Row],[tenure]]<=24,"13–24",IF(Telco[[#This Row],[tenure]]<=48,"25–48","49–72"))) -> 0–12 | H9: No | I9: No phone service | J9: DSL | K9: Yes | L9: No | M9: No | N9: No | O9: No | P9: No | Q9: Month-to-month | R9: No | S9: Mailed check | T9: 29.75 | U9: 301.9 | V9: =IF(Telco[[#This Row],[Churn]]="Yes",1,0) -> 0 | W9: No
A10: 7892-POOKP | B10: Female | C10: 0 | D10: Yes | E10: No | F10: 28 | G10: =IF(Telco[[#This Row],[tenure]]<=12,"0–12",IF(Telco[[#This Row],[tenure]]<=24,"13–24",IF(Telco[[#This Row],[tenure]]<=48,"25–48","49–72"))) -> 25–48 | H10: Yes | I10: Yes | J10: Fiber optic | K10: No | L10: No | M10: Yes | N10: Yes | O10: Yes | P10: Yes | Q10: Month-to-month | R10: Yes | S10: Electronic check | T10: 104.8 | U10: 3046.05 | V10: =IF(Telco[[#This Row],[Churn]]="Yes",1,0) -> 1 | W10: Yes
A11: 6388-TABGU | B11: Male | C11: 0 | D11: No | E11: Yes | F11: 62 | G11: =IF(Telco[[#This Row],[tenure]]<=12,"0–12",IF(Telco[[#This Row],[tenure]]<=24,"13–24",IF(Telco[[#This Row],[tenure]]<=48,"25–48","49–72"))) -> 49–72 | H11: Yes | I11: No | J11: DSL | K11: Yes | L11: Yes | M11: No | N11: No | O11: No | P11: No | Q11: One year | R11: No | S11: Bank transfer (automatic) | T11: 56.15 | U11: 3487.95 | V11: =IF(Telco[[#This Row],[Churn]]="Yes",1,0) -> 0 | W11: No
A12: 9763-GRSKD | B12: Male | C12: 0 | D12: Yes | E12: Yes | F12: 13 | G12: =IF(Telco[[#This Row],[tenure]]<=12,"0–12",IF(Telco[[#This Row],[tenure]]<=24,"13–24",IF(Telco[[#This Row],[tenure]]<=48,"25–48","49–72"))) -> 13–24 | H12: Yes | I12: No | J12: DSL | K12: Yes | L12: No | M12: No | N12: No | O12: No | P12: No | Q12: Month-to-month | R12: Yes | S12: Mailed check | T12: 49.95 | U12: 587.45 | V12: =IF(Telco[[#This Row],[Churn]]="Yes",1,0) -> 0 | W12: No
A13: 7469-LKBCI | B13: Male | C13: 0 | D13: No | E13: No | F13: 16 | G13: =IF(Telco[[#This Row],[tenure]]<=12,"0–12",IF(Telco[[#This Row],[tenure]]<=24,"13–24",IF(Telco[[#This Row],[tenure]]<=48,"25–48","49–72"))) -> 13–24 | H13: Yes | I13: No | J13: No | K13: No internet service | L13: No internet service | M13: No internet service | N13: No internet service | O13: No internet service | P13: No internet service | Q13: Two year | R13: No | S13: Credit card (automatic) | T13: 18.95 | U13: 326.8 | V13: =IF(Telco[[#This Row],[Churn]]="Yes",1,0) -> 0 | W13: No
... A489: 3649-JPUGY | B489: Male | C489: 0 | D489: No | E489: No | F489: 72 | G489: =IF(Telco[[#This Row],[tenure]]<=12,"0–12",IF(Telco[[#This Row],[tenure]]<=24,"13–24",IF(Telco[[#This Row],[tenure]]<=48,"25–48","49–72"))) -> 49–72 | H489: Yes | I489: Yes | J489: DSL | K489: No | L489: Yes | M489: Yes | N489: Yes | O489: Yes | P489: Yes | Q489: Two year | R489: Yes | S489: Bank transfer (automatic) | T489: 88.6 | U489: 6201.95 | V489: =IF(Telco[[#This Row],[Churn]]="Yes",1,0) -> 0 | W489: No
A490: 4472-LVYGI | B490: Female | C490: 0 | D490: Yes | E490: Yes | F490: 0 | G490: =IF(Telco[[#This Row],[tenure]]<=12,"0–12",IF(Telco[[#This Row],[tenure]]<=24,"13–24",IF(Telco[[#This Row],[tenure]]<=48,"25–48","49–72"))) -> 0–12 | H490: No | I490: No phone service | J490: DSL | K490: Yes | L490: No | M490: Yes | N490: Yes | O490: Yes | P490: No | Q490: Two year | R490: Yes | S490: Bank transfer (automatic) | T490: 52.55 | V490: =IF(Telco[[#This Row],[Churn]]="Yes",1,0) -> 0 | W490: No
A491: 8372-JUXUI | B491: Male | C491: 0 | D491: No | E491: Yes | F491: 1 | G491: =IF(Telco[[#This Row],[tenure]]<=12,"0–12",IF(Telco[[#This Row],[tenure]]<=24,"13–24",IF(Telco[[#This Row],[tenure]]<=48,"25–48","49–72"))) -> 0–12 | H491: Yes | I491: Yes | J491: Fiber optic | K491: No | L491: No | M491: No | N491: No | O491: No | P491: No | Q491: Month-to-month | R491: Yes | S491: Electronic check | T491: 74.35 | U491: 74.35 | V491: =IF(Telco[[#This Row],[Churn]]="Yes",1,0) -> 1 | W491: Yes
A492: 3552-CTCYF | B492: Male | C492: 0 | D492: Yes | E492: Yes | F492: 63 | G492: =IF(Telco[[#This Row],[tenure]]<=12,"0–12",IF(Telco[[#This Row],[tenure]]<=24,"13–24",IF(Telco[[#This Row],[tenure]]<=48,"25–48","49–72"))) -> 49–72 | H492: Yes | I492: Yes | J492: Fiber optic | K492: No | L492: Yes | M492: Yes | N492: No | O492: Yes | P492: Yes | Q492: Two year | R492: Yes | S492: Bank transfer (automatic) | T492: 104.8 | U492: 6597.25 | V492: =IF(Telco[[#This Row],[Churn]]="Yes",1,0) -> 0 | W492: No
A493: 6778-YSNIH | B493: Female | C493: 0 | D493: No | E493: No | F493: 2 | G493: =IF(Telco[[#This Row],[tenure]]<=12,"0–12",IF(Telco[[#This Row],[tenure]]<=24,"13–24",IF(Telco[[#This Row],[tenure]]<=48,"25–48","49–72"))) -> 0–12 | H493: Yes | I493: No | J493: DSL | K493: No | L493: Yes | M493: No | N493: No | O493: Yes | P493: No | Q493: Month-to-month | R493: Yes | S493: Electronic check | T493: 59 | U493: 114.15 | V493: =IF(Telco[[#This Row],[Churn]]="Yes",1,0) -> 0 | W493: No
A494: 0388-EOPEX | B494: Female | C494: 0 | D494: Yes | E494: No | F494: 2 | G494: =IF(Telco[[#This Row],[tenure]]<=12,"0–12",IF(Telco[[#This Row],[tenure]]<=24,"13–24",IF(Telco[[#This Row],[tenure]]<=48,"25–48","49–72"))) -> 0–12 | H494: Yes | I494: No | J494: Fiber optic | K494: Yes | L494: No | M494: No | N494: No | O494: No | P494: No | Q494: Month-to-month | R494: Yes | S494: Electronic check | T494: 74.4 | U494: 139.4 | V494: =IF(Telco[[#This Row],[Churn]]="Yes",1,0) -> 1 | W494: Yes
A495: 5756-OZRIO | B495: Male | C495: 1 | D495: Yes | E495: No | F495: 61 | G495: =IF(Telco[[#This Row],[tenure]]<=12,"0–12",IF(Telco[[#This Row],[tenure]]<=24,"13–24",IF(Telco[[#This Row],[tenure]]<=48,"25–48","49–72"))) -> 49–72 | H495: Yes | I495: Yes | J495: DSL | K495: No | L495: Yes | M495: No | N495: No | O495: No | P495: Yes | Q495: One year | R495: No | S495: Bank transfer (automatic) | T495: 64.05 | U495: 3902.6 | V495: =IF(Telco[[#This Row],[Churn]]="Yes",1,0) -> 0 | W495: No
A496: 6579-JPICP | B496: Male | C496: 0 | D496: No | E496: No | F496: 1 | G496: =IF(Telco[[#This Row],[tenure]]<=12,"0–12",IF(Telco[[#This Row],[tenure]]<=24,"13–24",IF(Telco[[#This Row],[tenure]]<=48,"25–48","49–72"))) -> 0–12 | H496: Yes | I496: No | J496: No | K496: No internet service | L496: No internet service | M496: No internet service | N496: No internet service | O496: No internet service | P496: No internet service | Q496: Month-to-month | R496: No | S496: Mailed check | T496: 20.4 | U496: 20.4 | V496: =IF(Telco[[#This Row],[Churn]]="Yes",1,0) -> 0 | W496: No
A497: 8205-OTCHB | B497: Male | C497: 0 | D497: No | E497: No | F497: 22 | G497: =IF(Telco[[#This Row],[tenure]]<=12,"0–12",IF(Telco[[#This Row],[tenure]]<=24,"13–24",IF(Telco[[#This Row],[tenure]]<=48,"25–48","49–72"))) -> 13–24 | H497: No | I497: No phone service | J497: DSL | K497: No | L497: Yes | M497: Yes | N497: No | O497: No | P497: Yes | Q497: One year | R497: Yes | S497: Bank transfer (automatic) | T497: 43.75 | U497: 903.6 | V497: =IF(Telco[[#This Row],[Churn]]="Yes",1,0) -> 1 | W497: Yes
A498: 4134-BSXLX | B498: Male | C498: 0 | D498: Yes | E498: No | F498: 28 | G498: =IF(Telco[[#This Row],[tenure]]<=12,"0–12",IF(Telco[[#This Row],[tenure]]<=24,"13–24",IF(Telco[[#This Row],[tenure]]<=48,"25–48","49–72"))) -> 25–48 | H498: Yes | I498: No | J498: DSL | K498: Yes | L498: Yes | M498: No | N498: Yes | O498: No | P498: No | Q498: Month-to-month | R498: No | S498: Mailed check | T498: 60.9 | U498: 1785.65 | V498: =IF(Telco[[#This Row],[Churn]]="Yes",1,0) -> 0 | W498: No
A499: 0505-SPOOW | B499: Female | C499: 0 | D499: Yes | E499: No | F499: 70 | G499: =IF(Telco[[#This Row],[tenure]]<=12,"0–12",IF(Telco[[#This Row],[tenure]]<=24,"13–24",IF(Telco[[#This Row],[tenure]]<=48,"25–48","49–72"))) -> 49–72 | H499: Yes | I499: No | J499: No | K499: No internet service | L499: No internet service | M499: No internet service | N499: No internet service | O499: No internet service | P499: No internet service | Q499: Two year | R499: No | S499: Bank transfer (automatic) | T499: 19.8 | U499: 1397.65 | V499: =IF(Telco[[#This Row],[Churn]]="Yes",1,0) -> 0 | W499: No
A500: 6235-VDHOM | B500: Female | C500: 1 | D500: No | E500: No | F500: 5 | G500: =IF(Telco[[#This Row],[tenure]]<=12,"0–12",IF(Telco[[#This Row],[tenure]]<=24,"13–24",IF(Telco[[#This Row],[tenure]]<=48,"25–48","49–72"))) -> 0–12 | H500: No | I500: No phone service | J500: DSL | K500: No | L500: Yes | M500: No | N500: No | O500: No | P500: No | Q500: Month-to-month | R500: No | S500: Electronic check | T500: 28.45 | U500: 131.05 | V500: =IF(Telco[[#This Row],[Churn]]="Yes",1,0) -> 1 | W500: Yes
A501: 7783-YKGDV | B501: Female | C501: 0 | D501: No | E501: No | F501: 12 | G501: =IF(Telco[[#This Row],[tenure]]<=12,"0–12",IF(Telco[[#This Row],[tenure]]<=24,"13–24",IF(Telco[[#This Row],[tenure]]<=48,"25–48","49–72"))) -> 0–12 | H501: Yes | I501: Yes | J501: Fiber optic | K501: Yes | L501: Yes | M501: Yes | N501: No | O501: No | P501: Yes | Q501: Month-to-month | R501: Yes | S501: Bank transfer (automatic) | T501: 99.7 | U501: 1238.45 | V501: =IF(Telco[[#This Row],[Churn]]="Yes",1,0) -> 1 | W501: Yes
A502: 4374-YMUSQ | B502: Male | C502: 0 | D502: No | E502: No | F502: 34 | G502: =IF(Telco[[#This Row],[tenure]]<=12,"0–12",IF(Telco[[#This Row],[tenure]]<=24,"13–24",IF(Telco[[#This Row],[tenure]]<=48,"25–48","49–72"))) -> 25–48 | H502: Yes | I502: Yes | J502: Fiber optic | K502: Yes | L502: Yes | M502: Yes | N502: Yes | O502: Yes | P502: Yes | Q502: One year | R502: No | S502: Credit card (automatic) | T502: 116.25 | U502: 3899.05 | V502: =IF(Telco[[#This Row],[Churn]]="Yes",1,0) -> 0 | W502: No
... A754: 1410-RSCMR | B754: Male | C754: 0 | D754: Yes | E754: Yes | F754: 7 | G754: =IF(Telco[[#This Row],[tenure]]<=12,"0–12",IF(Telco[[#This Row],[tenure]]<=24,"13–24",IF(Telco[[#This Row],[tenure]]<=48,"25–48","49–72"))) -> 0–12 | H754: Yes | I754: No | J754: DSL | K754: Yes | L754: No | M754: Yes | N754: Yes | O754: No | P754: Yes | Q754: Month-to-month | R754: Yes | S754: Credit card (automatic) | T754: 71.35 | U754: 515.75 | V754: =IF(Telco[[#This Row],[Churn]]="Yes",1,0) -> 0 | W754: No
A755: 3115-CZMZD | B755: Male | C755: 0 | D755: No | E755: Yes | F755: 0 | G755: =IF(Telco[[#This Row],[tenure]]<=12,"0–12",IF(Telco[[#This Row],[tenure]]<=24,"13–24",IF(Telco[[#This Row],[tenure]]<=48,"25–48","49–72"))) -> 0–12 | H755: Yes | I755: No | J755: No | K755: No internet service | L755: No internet service | M755: No internet service | N755: No internet service | O755: No internet service | P755: No internet service | Q755: Two year | R755: No | S755: Mailed check | T755: 20.25 | V755: =IF(Telco[[#This Row],[Churn]]="Yes",1,0) -> 0 | W755: No
A756: 0139-IVFJG | B756: Female | C756: 0 | D756: Yes | E756: No | F756: 2 | G756: =IF(Telco[[#This Row],[tenure]]<=12,"0–12",IF(Telco[[#This Row],[tenure]]<=24,"13–24",IF(Telco[[#This Row],[tenure]]<=48,"25–48","49–72"))) -> 0–12 | H756: Yes | I756: No | J756: Fiber optic | K756: Yes | L756: Yes | M756: No | N756: No | O756: Yes | P756: No | Q756: Month-to-month | R756: No | S756: Electronic check | T756: 90.35 | U756: 190.5 | V756: =IF(Telco[[#This Row],[Churn]]="Yes",1,0) -> 0 | W756: No
A757: 6683-VLCTZ | B757: Male | C757: 1 | D757: No | E757: No | F757: 20 | G757: =IF(Telco[[#This Row],[tenure]]<=12,"0–12",IF(Telco[[#This Row],[tenure]]<=24,"13–24",IF(Telco[[#This Row],[tenure]]<=48,"25–48","49–72"))) -> 13–24 | H757: Yes | I757: Yes | J757: Fiber optic | K757: No | L757: No | M757: Yes | N757: No | O757: Yes | P757: Yes | Q757: Month-to-month | R757: Yes | S757: Electronic check | T757: 98.55 | U757: 1842.8 | V757: =IF(Telco[[#This Row],[Churn]]="Yes",1,0) -> 1 | W757: Yes
A758: 5730-DBDSI | B758: Male | C758: 0 | D758: No | E758: No | F758: 66 | G758: =IF(Telco[[#This Row],[tenure]]<=12,"0–12",IF(Telco[[#This Row],[tenure]]<=24,"13–24",IF(Telco[[#This Row],[tenure]]<=48,"25–48","49–72"))) -> 49–72 | H758: Yes | I758: No | J758: No | K758: No internet service | L758: No internet service | M758: No internet service | N758: No internet service | O758: No internet service | P758: No internet service | Q758: Two year | R758: No | S758: Bank transfer (automatic) | T758: 19.7 | U758: 1253.8 | V758: =IF(Telco[[#This Row],[Churn]]="Yes",1,0) -> 0 | W758: No
A759: 0030-FNXPP | B759: Female | C759: 0 | D759: No | E759: No | F759: 3 | G759: =IF(Telco[[#This Row],[tenure]]<=12,"0–12",IF(Telco[[#This Row],[tenure]]<=24,"13–24",IF(Telco[[#This Row],[tenure]]<=48,"25–48","49–72"))) -> 0–12 | H759: Yes | I759: No | J759: No | K759: No internet service | L759: No internet service | M759: No internet service | N759: No internet service | O759: No internet service | P759: No internet service | Q759: Month-to-month | R759: No | S759: Mailed check | T759: 19.85 | U759: 57.2 | V759: =IF(Telco[[#This Row],[Churn]]="Yes",1,0) -> 0 | W759: No
A760: 2189-WWOEW | B760: Female | C760: 0 | D760: No | E760: Yes | F760: 15 | G760: =IF(Telco[[#This Row],[tenure]]<=12,"0–12",IF(Telco[[#This Row],[tenure]]<=24,"13–24",IF(Telco[[#This Row],[tenure]]<=48,"25–48","49–72"))) -> 13–24 | H760: Yes | I760: No | J760: Fiber optic | K760: No | L760: Yes | M760: No | N760: No | O760: No | P760: Yes | Q760: Month-to-month | R760: Yes | S760: Bank transfer (automatic) | T760: 85.9 | U760: 1269.55 | V760: =IF(Telco[[#This Row],[Churn]]="Yes",1,0) -> 1 | W760: Yes
A761: 5684-FJVYR | B761: Female | C761: 0 | D761: Yes | E761: Yes | F761: 72 | G761: =IF(Telco[[#This Row],[tenure]]<=12,"0–12",IF(Telco[[#This Row],[tenure]]<=24,"13–24",IF(Telco[[#This Row],[tenure]]<=48,"25–48","49–72"))) -> 49–72 | H761: Yes | I761: Yes | J761: Fiber optic | K761: Yes | L761: Yes | M761: No | N761: Yes | O761: No | P761: No | Q761: Two year | R761: Yes | S761: Bank transfer (automatic) | T761: 90.35 | U761: 6563.4 | V761: =IF(Telco[[#This Row],[Churn]]="Yes",1,0) -> 0 | W761: No
A762: 4013-GUXND | B762: Male | C762: 0 | D762: No | E762: No | F762: 1 | G762: =IF(Telco[[#This Row],[tenure]]<=12,"0–12",IF(Telco[[#This Row],[tenure]]<=24,"13–24",IF(Telco[[#This Row],[tenure]]<=48,"25–48","49–72"))) -> 0–12 | H762: Yes | I762: No | J762: No | K762: No internet service | L762: No internet service | M762: No internet service | N762: No internet service | O762: No internet service | P762: No internet service | Q762: Month-to-month | R762: No | S762: Mailed check | T762: 20.8 | U762: 20.8 | V762: =IF(Telco[[#This Row],[Churn]]="Yes",1,0) -> 0 | W762: No
A763: 1894-IGFSG | B763: Female | C763: 0 | D763: No | E763: No | F763: 22 | G763: =IF(Telco[[#This Row],[tenure]]<=12,"0–12",IF(Telco[[#This Row],[tenure]]<=24,"13–24",IF(Telco[[#This Row],[tenure]]<=48,"25–48","49–72"))) -> 13–24 | H763: Yes | I763: No | J763: Fiber optic | K763: No | L763: No | M763: No | N763: No | O763: Yes | P763: Yes | Q763: Month-to-month | R763: No | S763: Electronic check | T763: 89.25 | U763: 1907.85 | V763: =IF(Telco[[#This Row],[Churn]]="Yes",1,0) -> 1 | W763: Yes
A764: 7379-POKDZ | B764: Male | C764: 0 | D764: Yes | E764: No | F764: 3 | G764: =IF(Telco[[#This Row],[tenure]]<=12,"0–12",IF(Telco[[#This Row],[tenure]]<=24,"13–24",IF(Telco[[#This Row],[tenure]]<=48,"25–48","49–72"))) -> 0–12 | H764: Yes | I764: No | J764: Fiber optic | K764: No | L764: No | M764: No | N764: No | O764: No | P764: No | Q764: Month-to-month | R764: Yes | S764: Electronic check | T764: 70.3 | U764: 208.85 | V764: =IF(Telco[[#This Row],[Churn]]="Yes",1,0) -> 1 | W764: Yes
A765: 1266-NZYUI | B765: Female | C765: 0 | D765: Yes | E765: Yes | F765: 72 | G765: =IF(Telco[[#This Row],[tenure]]<=12,"0–12",IF(Telco[[#This Row],[tenure]]<=24,"13–24",IF(Telco[[#This Row],[tenure]]<=48,"25–48","49–72"))) -> 49–72 | H765: Yes | I765: Yes | J765: DSL | K765: Yes | L765: No | M765: Yes | N765: Yes | O765: No | P765: No | Q765: Two year | R765: No | S765: Bank transfer (automatic) | T765: 66.85 | U765: 4758.8 | V765: =IF(Telco[[#This Row],[Churn]]="Yes",1,0) -> 0 | W765: No
A766: 7969-FFOWG | B766: Male | C766: 0 | D766: Yes | E766: Yes | F766: 65 | G766: =IF(Telco[[#This Row],[tenure]]<=12,"0–12",IF(Telco[[#This Row],[tenure]]<=24,"13–24",IF(Telco[[#This Row],[tenure]]<=48,"25–48","49–72"))) -> 49–72 | H766: Yes | I766: No | J766: No | K766: No internet service | L766: No internet service | M766: No internet service | N766: No internet service | O766: No internet service | P766: No internet service | Q766: Two year | R766: No | S766: Mailed check | T766: 19.9 | U766: 1292.6 | V766: =IF(Telco[[#This Row],[Churn]]="Yes",1,0) -> 0 | W766: No
A767: 4718-DHSMV | B767: Female | C767: 0 | D767: No | E767: No | F767: 11 | G767: =IF(Telco[[#This Row],[tenure]]<=12,"0–12",IF(Telco[[#This Row],[tenure]]<=24,"13–24",IF(Telco[[#This Row],[tenure]]<=48,"25–48","49–72"))) -> 0–12 | H767: No | I767: No phone service | J767: DSL | K767: No | L767: No | M767: No | N767: No | O767: Yes | P767: No | Q767: Month-to-month | R767: Yes | S767: Mailed check | T767: 35.8 | U767: 363.15 | V767: =IF(Telco[[#This Row],[Churn]]="Yes",1,0) -> 0 | W767: No
... A937: 6630-UJZMY | B937: Female | C937: 1 | D937: Yes | E937: No | F937: 4 | G937: =IF(Telco[[#This Row],[tenure]]<=12,"0–12",IF(Telco[[#This Row],[tenure]]<=24,"13–24",IF(Telco[[#This Row],[tenure]]<=48,"25–48","49–72"))) -> 0–12 | H937: Yes | I937: Yes | J937: Fiber optic | K937: No | L937: No | M937: No | N937: No | O937: Yes | P937: No | Q937: Month-to-month | R937: Yes | S937: Electronic check | T937: 83.25 | U937: 308.05 | V937: =IF(Telco[[#This Row],[Churn]]="Yes",1,0) -> 0 | W937: No
A938: 5709-LVOEQ | B938: Female | C938: 0 | D938: Yes | E938: Yes | F938: 0 | G938: =IF(Telco[[#This Row],[tenure]]<=12,"0–12",IF(Telco[[#This Row],[tenure]]<=24,"13–24",IF(Telco[[#This Row],[tenure]]<=48,"25–48","49–72"))) -> 0–12 | H938: Yes | I938: No | J938: DSL | K938: Yes | L938: Yes | M938: Yes | N938: No | O938: Yes | P938: Yes | Q938: Two year | R938: No | S938: Mailed check | T938: 80.85 | V938: =IF(Telco[[#This Row],[Churn]]="Yes",1,0) -> 0 | W938: No
A939: 6400-BWQKW | B939: Female | C939: 0 | D939: No | E939: No | F939: 6 | G939: =IF(Telco[[#This Row],[tenure]]<=12,"0–12",IF(Telco[[#This Row],[tenure]]<=24,"13–24",IF(Telco[[#This Row],[tenure]]<=48,"25–48","49–72"))) -> 0–12 | H939: Yes | I939: Yes | J939: Fiber optic | K939: Yes | L939: No | M939: No | N939: No | O939: No | P939: No | Q939: Month-to-month | R939: Yes | S939: Electronic check | T939: 79.05 | U939: 434.5 | V939: =IF(Telco[[#This Row],[Churn]]="Yes",1,0) -> 1 | W939: Yes
A940: 2692-AQCPF | B940: Female | C940: 0 | D940: Yes | E940: No | F940: 65 | G940: =IF(Telco[[#This Row],[tenure]]<=12,"0–12",IF(Telco[[#This Row],[tenure]]<=24,"13–24",IF(Telco[[#This Row],[tenure]]<=48,"25–48","49–72"))) -> 49–72 | H940: Yes | I940: Yes | J940: Fiber optic | K940: No | L940: Yes | M940: Yes | N940: Yes | O940: Yes | P940: Yes | Q940: One year | R940: Yes | S940: Credit card (automatic) | T940: 108.05 | U940: 7118.9 | V940: =IF(Telco[[#This Row],[Churn]]="Yes",1,0) -> 0 | W940: No
A941: 0347-UBKUZ | B941: Female | C941: 0 | D941: No | E941: No | F941: 15 | G941: =IF(Telco[[#This Row],[tenure]]<=12,"0–12",IF(Telco[[#This Row],[tenure]]<=24,"13–24",IF(Telco[[#This Row],[tenure]]<=48,"25–48","49–72"))) -> 13–24 | H941: Yes | I941: No | J941: No | K941: No internet service | L941: No internet service | M941: No internet service | N941: No internet service | O941: No internet service | P941: No internet service | Q941: Month-to-month | R941: No | S941: Mailed check | T941: 19.9 | U941: 320.45 | V941: =IF(Telco[[#This Row],[Churn]]="Yes",1,0) -> 0 | W941: No
A942: 0835-DUUIQ | B942: Female | C942: 0 | D942: No | E942: Yes | F942: 24 | G942: =IF(Telco[[#This Row],[tenure]]<=12,"0–12",IF(Telco[[#This Row],[tenure]]<=24,"13–24",IF(Telco[[#This Row],[tenure]]<=48,"25–48","49–72"))) -> 13–24 | H942: Yes | I942: No | J942: No | K942: No internet service | L942: No internet service | M942: No internet service | N942: No internet service | O942: No internet service | P942: No internet service | Q942: One year | R942: No | S942: Bank transfer (automatic) | T942: 21.05 | U942: 531.55 | V942: =IF(Telco[[#This Row],[Churn]]="Yes",1,0) -> 0 | W942: No
A943: 0811-GSDTP | B943: Female | C943: 0 | D943: No | E943: Yes | F943: 13 | G943: =IF(Telco[[#This Row],[tenure]]<=12,"0–12",IF(Telco[[#This Row],[tenure]]<=24,"13–24",IF(Telco[[#This Row],[tenure]]<=48,"25–48","49–72"))) -> 13–24 | H943: No | I943: No phone service | J943: DSL | K943: No | L943: Yes | M943: No | N943: No | O943: No | P943: No | Q943: Month-to-month | R943: No | S943: Electronic check | T943: 30.15 | U943: 382.2 | V943: =IF(Telco[[#This Row],[Churn]]="Yes",1,0) -> 0 | W943: No
A944: 7567-ECMCM | B944: Male | C944: 0 | D944: No | E944: No | F944: 24 | G944: =IF(Telco[[#This Row],[tenure]]<=12,"0–12",IF(Telco[[#This Row],[tenure]]<=24,"13–24",IF(Telco[[#This Row],[tenure]]<=48,"25–48","49–72"))) -> 13–24 | H944: Yes | I944: No | J944: Fiber optic | K944: No | L944: No | M944: No | N944: No | O944: No | P944: Yes | Q944: Month-to-month | R944: Yes | S944: Credit card (automatic) | T944: 79.85 | U944: 2001 | V944: =IF(Telco[[#This Row],[Churn]]="Yes",1,0) -> 0 | W944: No
A945: 6115-ZTBFQ | B945: Female | C945: 0 | D945: Yes | E945: No | F945: 72 | G945: =IF(Telco[[#This Row],[tenure]]<=12,"0–12",IF(Telco[[#This Row],[tenure]]<=24,"13–24",IF(Telco[[#This Row],[tenure]]<=48,"25–48","49–72"))) -> 49–72 | H945: No | I945: No phone service | J945: DSL | K945: Yes | L945: Yes | M945: Yes | N945: Yes | O945: Yes | P945: Yes | Q945: Two year | R945: No | S945: Bank transfer (automatic) | T945: 65.5 | U945: 4919.7 | V945: =IF(Telco[[#This Row],[Churn]]="Yes",1,0) -> 0 | W945: No
A946: 6353-BRMMA | B946: Female | C946: 0 | D946: Yes | E946: Yes | F946: 54 | G946: =IF(Telco[[#This Row],[tenure]]<=12,"0–12",IF(Telco[[#This Row],[tenure]]<=24,"13–24",IF(Telco[[#This Row],[tenure]]<=48,"25–48","49–72"))) -> 49–72 | H946: Yes | I946: Yes | J946: Fiber optic | K946: Yes | L946: Yes | M946: No | N946: No | O946: Yes | P946: Yes | Q946: Month-to-month | R946: Yes | S946: Bank transfer (automatic) | T946: 104.1 | U946: 5645.8 | V946: =IF(Telco[[#This Row],[Churn]]="Yes",1,0) -> 0 | W946: No
A947: 6680-WKXRZ | B947: Female | C947: 0 | D947: No | E947: No | F947: 3 | G947: =IF(Telco[[#This Row],[tenure]]<=12,"0–12",IF(Telco[[#This Row],[tenure]]<=24,"13–24",IF(Telco[[#This Row],[tenure]]<=48,"25–48","49–72"))) -> 0–12 | H947: Yes | I947: Yes | J947: Fiber optic | K947: No | L947: No | M947: No | N947: No | O947: No | P947: No | Q947: Month-to-month | R947: No | S947: Bank transfer (automatic) | T947: 74.4 | U947: 215.8 | V947: =IF(Telco[[#This Row],[Churn]]="Yes",1,0) -> 1 | W947: Yes
A948: 6231-WFGFH | B948: Male | C948: 0 | D948: Yes | E948: Yes | F948: 4 | G948: =IF(Telco[[#This Row],[tenure]]<=12,"0–12",IF(Telco[[#This Row],[tenure]]<=24,"13–24",IF(Telco[[#This Row],[tenure]]<=48,"25–48","49–72"))) -> 0–12 | H948: Yes | I948: No | J948: No | K948: No internet service | L948: No internet service | M948: No internet service | N948: No internet service | O948: No internet service | P948: No internet service | Q948: Month-to-month | R948: Yes | S948: Mailed check | T948: 20.5 | U948: 77.6 | V948: =IF(Telco[[#This Row],[Churn]]="Yes",1,0) -> 0 | W948: No
A949: 9904-EHEVJ | B949: Female | C949: 1 | D949: Yes | E949: Yes | F949: 32 | G949: =IF(Telco[[#This Row],[tenure]]<=12,"0–12",IF(Telco[[#This Row],[tenure]]<=24,"13–24",IF(Telco[[#This Row],[tenure]]<=48,"25–48","49–72"))) -> 25–48 | H949: Yes | I949: Yes | J949: Fiber optic | K949: No | L949: No | M949: Yes | N949: No | O949: Yes | P949: No | Q949: Month-to-month | R949: Yes | S949: Mailed check | T949: 91.35 | U949: 2896.55 | V949: =IF(Telco[[#This Row],[Churn]]="Yes",1,0) -> 0 | W949: No
A950: 7028-DVOIQ | B950: Male | C950: 1 | D950: No | E950: No | F950: 35 | G950: =IF(Telco[[#This Row],[tenure]]<=12,"0–12",IF(Telco[[#This Row],[tenure]]<=24,"13–24",IF(Telco[[#This Row],[tenure]]<=48,"25–48","49–72"))) -> 25–48 | H950: Yes | I950: Yes | J950: Fiber optic | K950: No | L950: No | M950: Yes | N950: No | O950: Yes | P950: Yes | Q950: Month-to-month | R950: Yes | S950: Electronic check | T950: 99.05 | U950: 3395.8 | V950: =IF(Telco[[#This Row],[Churn]]="Yes",1,0) -> 1 | W950: Yes
... A1083: 1751-NCDLI | B1083: Male | C1083: 1 | D1083: Yes | E1083: No | F1083: 46 | G1083: =IF(Telco[[#This Row],[tenure]]<=12,"0–12",IF(Telco[[#This Row],[tenure]]<=24,"13–24",IF(Telco[[#This Row],[tenure]]<=48,"25–48","49–72"))) -> 25–48 | H1083: Yes | I1083: Yes | J1083: Fiber optic | K1083: No | L1083: No | M1083: Yes | N1083: No | O1083: Yes | P1083: Yes | Q1083: Month-to-month | R1083: Yes | S1083: Electronic check | T1083: 98.85 | U1083: 4564.9 | V1083: =IF(Telco[[#This Row],[Churn]]="Yes",1,0) -> 0 | W1083: No
A1084: 4367-NUYAO | B1084: Male | C1084: 0 | D1084: Yes | E1084: Yes | F1084: 0 | G1084: =IF(Telco[[#This Row],[tenure]]<=12,"0–12",IF(Telco[[#This Row],[tenure]]<=24,"13–24",IF(Telco[[#This Row],[tenure]]<=48,"25–48","49–72"))) -> 0–12 | H1084: Yes | I1084: Yes | J1084: No | K1084: No internet service | L1084: No internet service | M1084: No internet service | N1084: No internet service | O1084: No internet service | P1084: No internet service | Q1084: Two year | R1084: No | S1084: Mailed check | T1084: 25.75 | V1084: =IF(Telco[[#This Row],[Churn]]="Yes",1,0) -> 0 | W1084: No
A1085: 9878-TNQGW | B1085: Male | C1085: 0 | D1085: No | E1085: No | F1085: 2 | G1085: =IF(Telco[[#This Row],[tenure]]<=12,"0–12",IF(Telco[[#This Row],[tenure]]<=24,"13–24",IF(Telco[[#This Row],[tenure]]<=48,"25–48","49–72"))) -> 0–12 | H1085: Yes | I1085: No | J1085: Fiber optic | K1085: No | L1085: No | M1085: No | N1085: No | O1085: No | P1085: Yes | Q1085: Month-to-month | R1085: Yes | S1085: Electronic check | T1085: 80.95 | U1085: 171.15 | V1085: =IF(Telco[[#This Row],[Churn]]="Yes",1,0) -> 1 | W1085: Yes
A1086: 9170-ARBTB | B1086: Female | C1086: 0 | D1086: Yes | E1086: Yes | F1086: 52 | G1086: =IF(Telco[[#This Row],[tenure]]<=12,"0–12",IF(Telco[[#This Row],[tenure]]<=24,"13–24",IF(Telco[[#This Row],[tenure]]<=48,"25–48","49–72"))) -> 49–72 | H1086: Yes | I1086: No | J1086: No | K1086: No internet service | L1086: No internet service | M1086: No internet service | N1086: No internet service | O1086: No internet service | P1086: No internet service | Q1086: One year | R1086: No | S1086: Credit card (automatic) | T1086: 19.6 | U1086: 1012.4 | V1086: =IF(Telco[[#This Row],[Churn]]="Yes",1,0) -> 0 | W1086: No
A1087: 4441-NIHPT | B1087: Female | C1087: 1 | D1087: No | E1087: No | F1087: 13 | G1087: =IF(Telco[[#This Row],[tenure]]<=12,"0–12",IF(Telco[[#This Row],[tenure]]<=24,"13–24",IF(Telco[[#This Row],[tenure]]<=48,"25–48","49–72"))) -> 13–24 | H1087: Yes | I1087: No | J1087: Fiber optic | K1087: No | L1087: No | M1087: Yes | N1087: No | O1087: No | P1087: No | Q1087: Month-to-month | R1087: Yes | S1087: Electronic check | T1087: 74.3 | U1087: 940.35 | V1087: =IF(Telco[[#This Row],[Churn]]="Yes",1,0) -> 1 | W1087: Yes
A1088: 8999-BOHSE | B1088: Female | C1088: 1 | D1088: No | E1088: No | F1088: 11 | G1088: =IF(Telco[[#This Row],[tenure]]<=12,"0–12",IF(Telco[[#This Row],[tenure]]<=24,"13–24",IF(Telco[[#This Row],[tenure]]<=48,"25–48","49–72"))) -> 0–12 | H1088: Yes | I1088: No | J1088: Fiber optic | K1088: No | L1088: No | M1088: No | N1088: No | O1088: Yes | P1088: Yes | Q1088: Month-to-month | R1088: No | S1088: Bank transfer (automatic) | T1088: 89.7 | U1088: 1047.7 | V1088: =IF(Telco[[#This Row],[Churn]]="Yes",1,0) -> 1 | W1088: Yes
A1089: 7241-AJHFS | B1089: Male | C1089: 0 | D1089: No | E1089: No | F1089: 32 | G1089: =IF(Telco[[#This Row],[tenure]]<=12,"0–12",IF(Telco[[#This Row],[tenure]]<=24,"13–24",IF(Telco[[#This Row],[tenure]]<=48,"25–48","49–72"))) -> 25–48 | H1089: Yes | I1089: Yes | J1089: Fiber optic | K1089: Yes | L1089: No | M1089: No | N1089: Yes | O1089: No | P1089: No | Q1089: Month-to-month | R1089: No | S1089: Bank transfer (automatic) | T1089: 87.65 | U1089: 2766.4 | V1089: =IF(Telco[[#This Row],[Churn]]="Yes",1,0) -> 0 | W1089: No
A1090: 7029-RPUAV | B1090: Male | C1090: 1 | D1090: Yes | E1090: No | F1090: 17 | G1090: =IF(Telco[[#This Row],[tenure]]<=12,"0–12",IF(Telco[[#This Row],[tenure]]<=24,"13–24",IF(Telco[[#This Row],[tenure]]<=48,"25–48","49–72"))) -> 13–24 | H1090: Yes | I1090: Yes | J1090: Fiber optic | K1090: No | L1090: No | M1090: Yes | N1090: No | O1090: Yes | P1090: Yes | Q1090: Month-to-month | R1090: Yes | S1090: Credit card (automatic) | T1090: 100.45 | U1090: 1622.45 | V1090: =IF(Telco[[#This Row],[Churn]]="Yes",1,0) -> 1 | W1090: Yes
A1091: 4546-FOKWR | B1091: Female | C1091: 0 | D1091: No | E1091: No | F1091: 16 | G1091: =IF(Telco[[#This Row],[tenure]]<=12,"0–12",IF(Telco[[#This Row],[tenure]]<=24,"13–24",IF(Telco[[#This Row],[tenure]]<=48,"25–48","49–72"))) -> 13–24 | H1091: Yes | I1091: Yes | J1091: Fiber optic | K1091: No | L1091: No | M1091: No | N1091: No | O1091: No | P1091: No | Q1091: Month-to-month | R1091: Yes | S1091: Credit card (automatic) | T1091: 74.75 | U1091: 1129.35 | V1091: =IF(Telco[[#This Row],[Churn]]="Yes",1,0) -> 0 | W1091: No
A1092: 9036-CSKBW | B1092: Female | C1092: 0 | D1092: No | E1092: No | F1092: 51 | G1092: =IF(Telco[[#This Row],[tenure]]<=12,"0–12",IF(Telco[[#This Row],[tenure]]<=24,"13–24",IF(Telco[[#This Row],[tenure]]<=48,"25–48","49–72"))) -> 49–72 | H1092: Yes | I1092: Yes | J1092: Fiber optic | K1092: Yes | L1092: Yes | M1092: Yes | N1092: No | O1092: Yes | P1092: Yes | Q1092: One year | R1092: No | S1092: Bank transfer (automatic) | T1092: 107.45 | U1092: 5680.9 | V1092: =IF(Telco[[#This Row],[Churn]]="Yes",1,0) -> 0 | W1092: No
A1093: 5832-TRLPB | B1093: Male | C1093: 0 | D1093: No | E1093: No | F1093: 29 | G1093: =IF(Telco[[#This Row],[tenure]]<=12,"0–12",IF(Telco[[#This Row],[tenure]]<=24,"13–24",IF(Telco[[#This Row],[tenure]]<=48,"25–48","49–72"))) -> 25–48 | H1093: Yes | I1093: No | J1093: DSL | K1093: No | L1093: No | M1093: Yes | N1093: Yes | O1093: Yes | P1093: Yes | Q1093: One year | R1093: Yes | S1093: Bank transfer (automatic) | T1093: 75.35 | U1093: 2243.9 | V1093: =IF(Telco[[#This Row],[Churn]]="Yes",1,0) -> 0 | W1093: No
A1094: 8590-YFFQO | B1094: Male | C1094: 0 | D1094: Yes | E1094: No | F1094: 70 | G1094: =IF(Telco[[#This Row],[tenure]]<=12,"0–12",IF(Telco[[#This Row],[tenure]]<=24,"13–24",IF(Telco[[#This Row],[tenure]]<=48,"25–48","49–72"))) -> 49–72 | H1094: Yes | I1094: No | J1094: DSL | K1094: Yes | L1094: Yes | M1094: Yes | N1094: Yes | O1094: No | P1094: No | Q1094: Two year | R1094: No | S1094: Credit card (automatic) | T1094: 64.95 | U1094: 4523.25 | V1094: =IF(Telco[[#This Row],[Churn]]="Yes",1,0) -> 0 | W1094: No
A1095: 8659-IOOPU | B1095: Female | C1095: 0 | D1095: Yes | E1095: Yes | F1095: 71 | G1095: =IF(Telco[[#This Row],[tenure]]<=12,"0–12",IF(Telco[[#This Row],[tenure]]<=24,"13–24",IF(Telco[[#This Row],[tenure]]<=48,"25–48","49–72"))) -> 49–72 | H1095: Yes | I1095: Yes | J1095: Fiber optic | K1095: Yes | L1095: No | M1095: Yes | N1095: Yes | O1095: No | P1095: Yes | Q1095: Two year | R1095: No | S1095: Electronic check | T1095: 100.45 | U1095: 7159.7 | V1095: =IF(Telco[[#This Row],[Churn]]="Yes",1,0) -> 0 | W1095: No
A1096: 1338-CECEE | B1096: Male | C1096: 0 | D1096: Yes | E1096: Yes | F1096: 41 | G1096: =IF(Telco[[#This Row],[tenure]]<=12,"0–12",IF(Telco[[#This Row],[tenure]]<=24,"13–24",IF(Telco[[#This Row],[tenure]]<=48,"25–48","49–72"))) -> 25–48 | H1096: Yes | I1096: Yes | J1096: DSL | K1096: No | L1096: Yes | M1096: Yes | N1096: No | O1096: Yes | P1096: No | Q1096: One year | R1096: No | S1096: Bank transfer (automatic) | T1096: 68.5 | U1096: 2839.95 | V1096: =IF(Telco[[#This Row],[Churn]]="Yes",1,0) -> 0 | W1096: No
... A1341: 3838-OZURD | B1341: Male | C1341: 0 | D1341: Yes | E1341: No | F1341: 66 | G1341: =IF(Telco[[#This Row],[tenure]]<=12,"0–12",IF(Telco[[#This Row],[tenure]]<=24,"13–24",IF(Telco[[#This Row],[tenure]]<=48,"25–48","49–72"))) -> 49–72 | H1341: Yes | I1341: Yes | J1341: Fiber optic | K1341: No | L1341: Yes | M1341: Yes | N1341: No | O1341: Yes | P1341: Yes | Q1341: Month-to-month | R1341: Yes | S1341: Credit card (automatic) | T1341: 105 | U1341: 7133.25 | V1341: =IF(Telco[[#This Row],[Churn]]="Yes",1,0) -> 1 | W1341: Yes
A1342: 1371-DWPAZ | B1342: Female | C1342: 0 | D1342: Yes | E1342: Yes | F1342: 0 | G1342: =IF(Telco[[#This Row],[tenure]]<=12,"0–12",IF(Telco[[#This Row],[tenure]]<=24,"13–24",IF(Telco[[#This Row],[tenure]]<=48,"25–48","49–72"))) -> 0–12 | H1342: No | I1342: No phone service | J1342: DSL | K1342: Yes | L1342: Yes | M1342: Yes | N1342: Yes | O1342: Yes | P1342: No | Q1342: Two year | R1342: No | S1342: Credit card (automatic) | T1342: 56.05 | V1342: =IF(Telco[[#This Row],[Churn]]="Yes",1,0) -> 0 | W1342: No
A1343: 9269-CQOOL | B1343: Male | C1343: 0 | D1343: No | E1343: Yes | F1343: 3 | G1343: =IF(Telco[[#This Row],[tenure]]<=12,"0–12",IF(Telco[[#This Row],[tenure]]<=24,"13–24",IF(Telco[[#This Row],[tenure]]<=48,"25–48","49–72"))) -> 0–12 | H1343: Yes | I1343: No | J1343: DSL | K1343: No | L1343: No | M1343: No | N1343: No | O1343: Yes | P1343: No | Q1343: Month-to-month | R1343: Yes | S1343: Credit card (automatic) | T1343: 54.7 | U1343: 169.45 | V1343: =IF(Telco[[#This Row],[Churn]]="Yes",1,0) -> 1 | W1343: Yes
A1344: 2017-CCBLH | B1344: Female | C1344: 0 | D1344: No | E1344: No | F1344: 8 | G1344: =IF(Telco[[#This Row],[tenure]]<=12,"0–12",IF(Telco[[#This Row],[tenure]]<=24,"13–24",IF(Telco[[#This Row],[tenure]]<=48,"25–48","49–72"))) -> 0–12 | H1344: Yes | I1344: No | J1344: No | K1344: No internet service | L1344: No internet service | M1344: No internet service | N1344: No internet service | O1344: No internet service | P1344: No internet service | Q1344: Two year | R1344: No | S1344: Mailed check | T1344: 20 | U1344: 141.6 | V1344: =IF(Telco[[#This Row],[Churn]]="Yes",1,0) -> 0 | W1344: No
A1345: 7690-KPNCU | B1345: Male | C1345: 0 | D1345: Yes | E1345: Yes | F1345: 64 | G1345: =IF(Telco[[#This Row],[tenure]]<=12,"0–12",IF(Telco[[#This Row],[tenure]]<=24,"13–24",IF(Telco[[#This Row],[tenure]]<=48,"25–48","49–72"))) -> 49–72 | H1345: Yes | I1345: No | J1345: DSL | K1345: Yes | L1345: No | M1345: Yes | N1345: No | O1345: Yes | P1345: Yes | Q1345: One year | R1345: Yes | S1345: Credit card (automatic) | T1345: 73.05 | U1345: 4688.65 | V1345: =IF(Telco[[#This Row],[Churn]]="Yes",1,0) -> 0 | W1345: No
A1346: 0536-BGFMZ | B1346: Female | C1346: 0 | D1346: Yes | E1346: No | F1346: 28 | G1346: =IF(Telco[[#This Row],[tenure]]<=12,"0–12",IF(Telco[[#This Row],[tenure]]<=24,"13–24",IF(Telco[[#This Row],[tenure]]<=48,"25–48","49–72"))) -> 25–48 | H1346: Yes | I1346: No | J1346: No | K1346: No internet service | L1346: No internet service | M1346: No internet service | N1346: No internet service | O1346: No internet service | P1346: No internet service | Q1346: Month-to-month | R1346: No | S1346: Mailed check | T1346: 20.5 | U1346: 563.05 | V1346: =IF(Telco[[#This Row],[Churn]]="Yes",1,0) -> 0 | W1346: No
A1347: 2293-IJWPS | B1347: Female | C1347: 0 | D1347: Yes | E1347: No | F1347: 57 | G1347: =IF(Telco[[#This Row],[tenure]]<=12,"0–12",IF(Telco[[#This Row],[tenure]]<=24,"13–24",IF(Telco[[#This Row],[tenure]]<=48,"25–48","49–72"))) -> 49–72 | H1347: Yes | I1347: Yes | J1347: Fiber optic | K1347: No | L1347: No | M1347: Yes | N1347: No | O1347: Yes | P1347: Yes | Q1347: One year | R1347: Yes | S1347: Credit card (automatic) | T1347: 100.75 | U1347: 5985 | V1347: =IF(Telco[[#This Row],[Churn]]="Yes",1,0) -> 0 | W1347: No
A1348: 2845-HSJCY | B1348: Female | C1348: 0 | D1348: Yes | E1348: Yes | F1348: 14 | G1348: =IF(Telco[[#This Row],[tenure]]<=12,"0–12",IF(Telco[[#This Row],[tenure]]<=24,"13–24",IF(Telco[[#This Row],[tenure]]<=48,"25–48","49–72"))) -> 13–24 | H1348: Yes | I1348: Yes | J1348: Fiber optic | K1348: No | L1348: No | M1348: Yes | N1348: No | O1348: No | P1348: Yes | Q1348: Month-to-month | R1348: Yes | S1348: Electronic check | T1348: 87.25 | U1348: 1258.6 | V1348: =IF(Telco[[#This Row],[Churn]]="Yes",1,0) -> 1 | W1348: Yes
A1349: 5469-NUJUR | B1349: Male | C1349: 0 | D1349: No | E1349: No | F1349: 19 | G1349: =IF(Telco[[#This Row],[tenure]]<=12,"0–12",IF(Telco[[#This Row],[tenure]]<=24,"13–24",IF(Telco[[#This Row],[tenure]]<=48,"25–48","49–72"))) -> 13–24 | H1349: Yes | I1349: No | J1349: No | K1349: No internet service | L1349: No internet service | M1349: No internet service | N1349: No internet service | O1349: No internet service | P1349: No internet service | Q1349: Two year | R1349: Yes | S1349: Mailed check | T1349: 19.95 | U1349: 373.5 | V1349: =IF(Telco[[#This Row],[Churn]]="Yes",1,0) -> 0 | W1349: No
A1350: 1184-PJVDB | B1350: Male | C1350: 0 | D1350: Yes | E1350: No | F1350: 10 | G1350: =IF(Telco[[#This Row],[tenure]]<=12,"0–12",IF(Telco[[#This Row],[tenure]]<=24,"13–24",IF(Telco[[#This Row],[tenure]]<=48,"25–48","49–72"))) -> 0–12 | H1350: Yes | I1350: No | J1350: Fiber optic | K1350: No | L1350: No | M1350: No | N1350: No | O1350: Yes | P1350: No | Q1350: Month-to-month | R1350: Yes | S1350: Electronic check | T1350: 79.95 | U1350: 857.2 | V1350: =IF(Telco[[#This Row],[Churn]]="Yes",1,0) -> 1 | W1350: Yes
A1351: 2625-TRCZQ | B1351: Female | C1351: 0 | D1351: Yes | E1351: No | F1351: 51 | G1351: =IF(Telco[[#This Row],[tenure]]<=12,"0–12",IF(Telco[[#This Row],[tenure]]<=24,"13–24",IF(Telco[[#This Row],[tenure]]<=48,"25–48","49–72"))) -> 49–72 | H1351: No | I1351: No phone service | J1351: DSL | K1351: No | L1351: Yes | M1351: No | N1351: No | O1351: Yes | P1351: Yes | Q1351: Month-to-month | R1351: Yes | S1351: Electronic check | T1351: 49.65 | U1351: 2553.35 | V1351: =IF(Telco[[#This Row],[Churn]]="Yes",1,0) -> 0 | W1351: No
A1352: 4102-HLENU | B1352: Female | C1352: 0 | D1352: Yes | E1352: No | F1352: 67 | G1352: =IF(Telco[[#This Row],[tenure]]<=12,"0–12",IF(Telco[[#This Row],[tenure]]<=24,"13–24",IF(Telco[[#This Row],[tenure]]<=48,"25–48","49–72"))) -> 49–72 | H1352: Yes | I1352: Yes | J1352: DSL | K1352: Yes | L1352: Yes | M1352: Yes | N1352: No | O1352: No | P1352: No | Q1352: Two year | R1352: No | S1352: Mailed check | T1352: 65.65 | U1352: 4322.85 | V1352: =IF(Telco[[#This Row],[Churn]]="Yes",1,0) -> 0 | W1352: No
A1353: 7266-GSSJX | B1353: Male | C1353: 0 | D1353: Yes | E1353: Yes | F1353: 11 | G1353: =IF(Telco[[#This Row],[tenure]]<=12,"0–12",IF(Telco[[#This Row],[tenure]]<=24,"13–24",IF(Telco[[#This Row],[tenure]]<=48,"25–48","49–72"))) -> 0–12 | H1353: Yes | I1353: No | J1353: No | K1353: No internet service | L1353: No internet service | M1353: No internet service | N1353: No internet service | O1353: No internet service | P1353: No internet service | Q1353: Month-to-month | R1353: Yes | S1353: Electronic check | T1353: 20.45 | U1353: 250.8 | V1353: =IF(Telco[[#This Row],[Churn]]="Yes",1,0) -> 0 | W1353: No
A1354: 7722-VJRQD | B1354: Male | C1354: 0 | D1354: Yes | E1354: Yes | F1354: 72 | G1354: =IF(Telco[[#This Row],[tenure]]<=12,"0–12",IF(Telco[[#This Row],[tenure]]<=24,"13–24",IF(Telco[[#This Row],[tenure]]<=48,"25–48","49–72"))) -> 49–72 | H1354: No | I1354: No phone service | J1354: DSL | K1354: Yes | L1354: No | M1354: Yes | N1354: Yes | O1354: Yes | P1354: Yes | Q1354: Two year | R1354: No | S1354: Bank transfer (automatic) | T1354: 60.95 | U1354: 4549.05 | V1354: =IF(Telco[[#This Row],[Churn]]="Yes",1,0) -> 0 | W1354: No
... A3332: 8276-MQBYC | B3332: Male | C3332: 1 | D3332: No | E3332: No | F3332: 51 | G3332: =IF(Telco[[#This Row],[tenure]]<=12,"0–12",IF(Telco[[#This Row],[tenure]]<=24,"13–24",IF(Telco[[#This Row],[tenure]]<=48,"25–48","49–72"))) -> 49–72 | H3332: Yes | I3332: Yes | J3332: Fiber optic | K3332: No | L3332: No | M3332: Yes | N3332: No | O3332: Yes | P3332: Yes | Q3332: Month-to-month | R3332: Yes | S3332: Electronic check | T3332: 97.8 | U3332: 4913.3 | V3332: =IF(Telco[[#This Row],[Churn]]="Yes",1,0) -> 1 | W3332: Yes
A3333: 7644-OMVMY | B3333: Male | C3333: 0 | D3333: Yes | E3333: Yes | F3333: 0 | G3333: =IF(Telco[[#This Row],[tenure]]<=12,"0–12",IF(Telco[[#This Row],[tenure]]<=24,"13–24",IF(Telco[[#This Row],[tenure]]<=48,"25–48","49–72"))) -> 0–12 | H3333: Yes | I3333: No | J3333: No | K3333: No internet service | L3333: No internet service | M3333: No internet service | N3333: No internet service | O3333: No internet service | P3333: No internet service | Q3333: Two year | R3333: No | S3333: Mailed check | T3333: 19.85 | V3333: =IF(Telco[[#This Row],[Churn]]="Yes",1,0) -> 0 | W3333: No
A3334: 7593-XFKDI | B3334: Male | C3334: 0 | D3334: No | E3334: No | F3334: 1 | G3334: =IF(Telco[[#This Row],[tenure]]<=12,"0–12",IF(Telco[[#This Row],[tenure]]<=24,"13–24",IF(Telco[[#This Row],[tenure]]<=48,"25–48","49–72"))) -> 0–12 | H3334: Yes | I3334: No | J3334: DSL | K3334: No | L3334: No | M3334: No | N3334: No | O3334: No | P3334: No | Q3334: Month-to-month | R3334: No | S3334: Mailed check | T3334: 46.3 | U3334: 46.3 | V3334: =IF(Telco[[#This Row],[Churn]]="Yes",1,0) -> 1 | W3334: Yes
A3335: 4573-JKNAE | B3335: Male | C3335: 0 | D3335: No | E3335: Yes | F3335: 12 | G3335: =IF(Telco[[#This Row],[tenure]]<=12,"0–12",IF(Telco[[#This Row],[tenure]]<=24,"13–24",IF(Telco[[#This Row],[tenure]]<=48,"25–48","49–72"))) -> 0–12 | H3335: Yes | I3335: No | J3335: No | K3335: No internet service | L3335: No internet service | M3335: No internet service | N3335: No internet service | O3335: No internet service | P3335: No internet service | Q3335: Two year | R3335: No | S3335: Bank transfer (automatic) | T3335: 19.35 | U3335: 212.3 | V3335: =IF(Telco[[#This Row],[Churn]]="Yes",1,0) -> 0 | W3335: No
A3336: 0337-CNPZE | B3336: Female | C3336: 0 | D3336: No | E3336: No | F3336: 41 | G3336: =IF(Telco[[#This Row],[tenure]]<=12,"0–12",IF(Telco[[#This Row],[tenure]]<=24,"13–24",IF(Telco[[#This Row],[tenure]]<=48,"25–48","49–72"))) -> 25–48 | H3336: Yes | I3336: Yes | J3336: Fiber optic | K3336: No | L3336: Yes | M3336: Yes | N3336: No | O3336: Yes | P3336: Yes | Q3336: Month-to-month | R3336: Yes | S3336: Electronic check | T3336: 106.3 | U3336: 4443.45 | V3336: =IF(Telco[[#This Row],[Churn]]="Yes",1,0) -> 1 | W3336: Yes
A3337: 9817-APLHW | B3337: Male | C3337: 0 | D3337: No | E3337: No | F3337: 12 | G3337: =IF(Telco[[#This Row],[tenure]]<=12,"0–12",IF(Telco[[#This Row],[tenure]]<=24,"13–24",IF(Telco[[#This Row],[tenure]]<=48,"25–48","49–72"))) -> 0–12 | H3337: Yes | I3337: Yes | J3337: No | K3337: No internet service | L3337: No internet service | M3337: No internet service | N3337: No internet service | O3337: No internet service | P3337: No internet service | Q3337: Month-to-month | R3337: No | S3337: Electronic check | T3337: 25 | U3337: 316.2 | V3337: =IF(Telco[[#This Row],[Churn]]="Yes",1,0) -> 0 | W3337: No
A3338: 8380-MQINP | B3338: Female | C3338: 0 | D3338: Yes | E3338: Yes | F3338: 55 | G3338: =IF(Telco[[#This Row],[tenure]]<=12,"0–12",IF(Telco[[#This Row],[tenure]]<=24,"13–24",IF(Telco[[#This Row],[tenure]]<=48,"25–48","49–72"))) -> 49–72 | H3338: Yes | I3338: No | J3338: No | K3338: No internet service | L3338: No internet service | M3338: No internet service | N3338: No internet service | O3338: No internet service | P3338: No internet service | Q3338: Two year | R3338: No | S3338: Mailed check | T3338: 20.3 | U3338: 1079.05 | V3338: =IF(Telco[[#This Row],[Churn]]="Yes",1,0) -> 0 | W3338: No
A3339: 0840-DFEZH | B3339: Female | C3339: 0 | D3339: No | E3339: No | F3339: 7 | G3339: =IF(Telco[[#This Row],[tenure]]<=12,"0–12",IF(Telco[[#This Row],[tenure]]<=24,"13–24",IF(Telco[[#This Row],[tenure]]<=48,"25–48","49–72"))) -> 0–12 | H3339: Yes | I3339: Yes | J3339: Fiber optic | K3339: No | L3339: No | M3339: No | N3339: No | O3339: No | P3339: No | Q3339: Month-to-month | R3339: Yes | S3339: Electronic check | T3339: 75.35 | U3339: 564.65 | V3339: =IF(Telco[[#This Row],[Churn]]="Yes",1,0) -> 0 | W3339: No
A3340: 1513-XNPPH | B3340: Female | C3340: 0 | D3340: No | E3340: No | F3340: 12 | G3340: =IF(Telco[[#This Row],[tenure]]<=12,"0–12",IF(Telco[[#This Row],[tenure]]<=24,"13–24",IF(Telco[[#This Row],[tenure]]<=48,"25–48","49–72"))) -> 0–12 | H3340: Yes | I3340: No | J3340: Fiber optic | K3340: No | L3340: No | M3340: Yes | N3340: Yes | O3340: No | P3340: Yes | Q3340: Month-to-month | R3340: Yes | S3340: Electronic check | T3340: 89.4 | U3340: 1095.65 | V3340: =IF(Telco[[#This Row],[Churn]]="Yes",1,0) -> 1 | W3340: Yes
A3341: 8690-ZVLCL | B3341: Female | C3341: 0 | D3341: Yes | E3341: Yes | F3341: 68 | G3341: =IF(Telco[[#This Row],[tenure]]<=12,"0–12",IF(Telco[[#This Row],[tenure]]<=24,"13–24",IF(Telco[[#This Row],[tenure]]<=48,"25–48","49–72"))) -> 49–72 | H3341: Yes | I3341: Yes | J3341: DSL | K3341: Yes | L3341: Yes | M3341: Yes | N3341: Yes | O3341: Yes | P3341: Yes | Q3341: Two year | R3341: No | S3341: Credit card (automatic) | T3341: 88 | U3341: 6161.9 | V3341: =IF(Telco[[#This Row],[Churn]]="Yes",1,0) -> 0 | W3341: No
A3342: 6015-VVHHE | B3342: Female | C3342: 1 | D3342: No | E3342: No | F3342: 5 | G3342: =IF(Telco[[#This Row],[tenure]]<=12,"0–12",IF(Telco[[#This Row],[tenure]]<=24,"13–24",IF(Telco[[#This Row],[tenure]]<=48,"25–48","49–72"))) -> 0–12 | H3342: Yes | I3342: Yes | J3342: Fiber optic | K3342: No | L3342: No | M3342: No | N3342: No | O3342: Yes | P3342: No | Q3342: Month-to-month | R3342: Yes | S3342: Credit card (automatic) | T3342: 83.15 | U3342: 446.05 | V3342: =IF(Telco[[#This Row],[Churn]]="Yes",1,0) -> 1 | W3342: Yes
A3343: 1125-SNVCK | B3343: Female | C3343: 1 | D3343: No | E3343: No | F3343: 49 | G3343: =IF(Telco[[#This Row],[tenure]]<=12,"0–12",IF(Telco[[#This Row],[tenure]]<=24,"13–24",IF(Telco[[#This Row],[tenure]]<=48,"25–48","49–72"))) -> 49–72 | H3343: Yes | I3343: No | J3343: DSL | K3343: No | L3343: No | M3343: No | N3343: No | O3343: No | P3343: No | Q3343: Month-to-month | R3343: No | S3343: Mailed check | T3343: 43.8 | U3343: 2106.05 | V3343: =IF(Telco[[#This Row],[Churn]]="Yes",1,0) -> 0 | W3343: No
A3344: 0384-LPITE | B3344: Male | C3344: 0 | D3344: No | E3344: No | F3344: 40 | G3344: =IF(Telco[[#This Row],[tenure]]<=12,"0–12",IF(Telco[[#This Row],[tenure]]<=24,"13–24",IF(Telco[[#This Row],[tenure]]<=48,"25–48","49–72"))) -> 25–48 | H3344: No | I3344: No phone service | J3344: DSL | K3344: Yes | L3344: Yes | M3344: Yes | N3344: No | O3344: Yes | P3344: Yes | Q3344: One year | R3344: No | S3344: Credit card (automatic) | T3344: 62.05 | U3344: 2511.55 | V3344: =IF(Telco[[#This Row],[Churn]]="Yes",1,0) -> 0 | W3344: No
A3345: 4616-EWBNJ | B3345: Female | C3345: 0 | D3345: No | E3345: No | F3345: 16 | G3345: =IF(Telco[[#This Row],[tenure]]<=12,"0–12",IF(Telco[[#This Row],[tenure]]<=24,"13–24",IF(Telco[[#This Row],[tenure]]<=48,"25–48","49–72"))) -> 13–24 | H3345: Yes | I3345: No | J3345: No | K3345: No internet service | L3345: No internet service | M3345: No internet service | N3345: No internet service | O3345: No internet service | P3345: No internet service | Q3345: One year | R3345: No | S3345: Bank transfer (automatic) | T3345: 20.1 | U3345: 318.6 | V3345: =IF(Telco[[#This Row],[Churn]]="Yes",1,0) -> 0 | W3345: No
... A3827: 3620-EHIMZ | B3827: Female | C3827: 0 | D3827: Yes | E3827: Yes | F3827: 52 | G3827: =IF(Telco[[#This Row],[tenure]]<=12,"0–12",IF(Telco[[#This Row],[tenure]]<=24,"13–24",IF(Telco[[#This Row],[tenure]]<=48,"25–48","49–72"))) -> 49–72 | H3827: Yes | I3827: No | J3827: No | K3827: No internet service | L3827: No internet service | M3827: No internet service | N3827: No internet service | O3827: No internet service | P3827: No internet service | Q3827: Two year | R3827: No | S3827: Mailed check | T3827: 19.35 | U3827: 1031.7 | V3827: =IF(Telco[[#This Row],[Churn]]="Yes",1,0) -> 0 | W3827: No
A3828: 3213-VVOLG | B3828: Male | C3828: 0 | D3828: Yes | E3828: Yes | F3828: 0 | G3828: =IF(Telco[[#This Row],[tenure]]<=12,"0–12",IF(Telco[[#This Row],[tenure]]<=24,"13–24",IF(Telco[[#This Row],[tenure]]<=48,"25–48","49–72"))) -> 0–12 | H3828: Yes | I3828: Yes | J3828: No | K3828: No internet service | L3828: No internet service | M3828: No internet service | N3828: No internet service | O3828: No internet service | P3828: No internet service | Q3828: Two year | R3828: No | S3828: Mailed check | T3828: 25.35 | V3828: =IF(Telco[[#This Row],[Churn]]="Yes",1,0) -> 0 | W3828: No
A3829: 6870-ECSHE | B3829: Female | C3829: 0 | D3829: No | E3829: No | F3829: 2 | G3829: =IF(Telco[[#This Row],[tenure]]<=12,"0–12",IF(Telco[[#This Row],[tenure]]<=24,"13–24",IF(Telco[[#This Row],[tenure]]<=48,"25–48","49–72"))) -> 0–12 | H3829: Yes | I3829: No | J3829: No | K3829: No internet service | L3829: No internet service | M3829: No internet service | N3829: No internet service | O3829: No internet service | P3829: No internet service | Q3829: One year | R3829: No | S3829: Mailed check | T3829: 20.45 | U3829: 34.8 | V3829: =IF(Telco[[#This Row],[Churn]]="Yes",1,0) -> 0 | W3829: No
...

Sheet feuille KPI
A1: kpi | B1: nombre | C1: pourcentage | F1: Contract | G1: OnlineSecurity | H1: TechSupport | I1: ChurnFlag | J1: PaymentMethod | K1: customerID
A2: Taux de désabonnement | B2: =SUM(Telco[ChurnFlag])/COUNTA(Telco[customerID]) -> 0.26536987 | F2: Month-to-month | G2: No | H2: No | I2: =IF(Telco[[#This Row],[Churn]]="Yes",1,0) -> 0 | J2: Electronic check | K2: 7590-VHVEG
A3: Répartition du genre | F3: One year | G3: Yes | H3: No | I3: =IF(Telco[[#This Row],[Churn]]="Yes",1,0) -> 0 | J3: Mailed check | K3: 5575-GNVDE
A4: male | B4: =COUNTIF(Telco[gender],"Male") -> 3555 | C4: =COUNTIF(Telco[gender],"Male")/COUNTA(Telco[gender]) -> 0.5047565 | F4: Month-to-month | G4: Yes | H4: No | I4: =IF(Telco[[#This Row],[Churn]]="Yes",1,0) -> 1 | J4: Mailed check | K4: 3668-QPYBK
A5: femelle | B5: =COUNTIF(Telco[gender],"Female") -> 3488 | C5: =COUNTIF(Telco[gender],"Female")/COUNTA(Telco[gender]) -> 0.4952435 | F5: One year | G5: Yes | H5: Yes | I5: =IF(Telco[[#This Row],[Churn]]="Yes",1,0) -> 0 | J5: Bank transfer (automatic) | K5: 7795-CFOCW
F6: Month-to-month | G6: No | H6: No | I6: =IF(Telco[[#This Row],[Churn]]="Yes",1,0) -> 1 | J6: Electronic check | K6: 9237-HQITU | N6: Méthodes de paiement
F7: Month-to-month | G7: No | H7: No | I7: =IF(Telco[[#This Row],[Churn]]="Yes",1,0) -> 1 | J7: Electronic check | K7: 9305-CDSKC
A8: % de clients âgés : | C8: =COUNTIF(Telco[SeniorCitizen],1)/COUNTA(Telco[SeniorCitizen]) -> 0.16214681 | F8: Month-to-month | G8: No | H8: No | I8: =IF(Telco[[#This Row],[Churn]]="Yes",1,0) -> 0 | J8: Credit card (automatic) | K8: 1452-KIOVK | N8: Étiquettes de lignes | O8: Nombre de customerID
A9: % non âgés : | C9: =COUNTIF(Telco[SeniorCitizen],0)/COUNTA(Telco[SeniorCitizen]) -> 0.83785319 | F9: Month-to-month | G9: Yes | H9: No | I9: =IF(Telco[[#This Row],[Churn]]="Yes",1,0) -> 0 | J9: Mailed check | K9: 6713-OKOMC | N9: Bank transfer (automatic) | O9: 0.21922476
A10: % avec partenaire | C10: =COUNTIF(Telco[Partner],"Yes")/COUNTA(Telco[Partner]) -> 0.4830328 | F10: Month-to-month | G10: No | H10: Yes | I10: =IF(Telco[[#This Row],[Churn]]="Yes",1,0) -> 1 | J10: Electronic check | K10: 7892-POOKP | N10: Credit card (automatic) | O10: 0.21610109
A11: % avec personnes à charge : | C11: =COUNTIF(Telco[Dependents],"Yes")/COUNTA(Telco[Dependents]) -> 0.29958824 | F11: One year | G11: Yes | H11: No | I11: =IF(Telco[[#This Row],[Churn]]="Yes",1,0) -> 0 | J11: Bank transfer (automatic) | K11: 6388-TABGU | N11: Electronic check | O11: 0.33579441
A12: % avec Internet : | C12: =(COUNTIF(Telco[InternetService],"DSL")+COUNTIF(Telco[InternetService],"Fiber optic"))/COUNTA(Telco[InternetService]) -> 0.78333097 | F12: Month-to-month | G12: Yes | H12: No | I12: =IF(Telco[[#This Row],[Churn]]="Yes",1,0) -> 0 | J12: Mailed check | K12: 9763-GRSKD | N12: Mailed check | O12: 0.22887974
A13: % avec Online Security : | C13: =COUNTIF(Telco[OnlineSecurity],"Yes")/COUNTA(Telco[OnlineSecurity]) -> 0.28666761 | F13: Two year | G13: No internet service | H13: No internet service | I13: =IF(Telco[[#This Row],[Churn]]="Yes",1,0) -> 0 | J13: Credit card (automatic) | K13: 7469-LKBCI | N13: (vide) | O13: 0
A14: % avec Online Backup | C14: =COUNTIF(Telco[OnlineBackup],"Yes")/COUNTA(Telco[OnlineBackup]) -> 0.34488144 | F14: One year | G14: No | H14: No | I14: =IF(Telco[[#This Row],[Churn]]="Yes",1,0) -> 0 | J14: Credit card (automatic) | K14: 8091-TTVAX | N14: Total général | O14: 1
A15: % avec Device Protection : | C15: =COUNTIF(Telco[DeviceProtection],"Yes")/COUNTA(Telco[DeviceProtection]) -> 0.34388755 | F15: Month-to-month | G15: No | H15: No | I15: =IF(Telco[[#This Row],[Churn]]="Yes",1,0) -> 1 | J15: Bank transfer (automatic) | K15: 0280-XJGEX
A16: % avec Tech Support | C16: =COUNTIF(Telco[TechSupport],"Yes")/COUNTA(Telco[TechSupport]) -> 0.29021724 | F16: Month-to-month | G16: Yes | H16: Yes | I16: =IF(Telco[[#This Row],[Churn]]="Yes",1,0) -> 0 | J16: Electronic check | K16: 5129-JLPIS
A17: % avec StreamingTV | C17: =COUNTIF(Telco[StreamingTV],"Yes")/COUNTA(Telco[StreamingTV]) -> 0.38435326 | F17: Two year | G17: Yes | H17: Yes | I17: =IF(Telco[[#This Row],[Churn]]="Yes",1,0) -> 0 | J17: Credit card (automatic) | K17: 3655-SNQYZ
A18: % avec StreamingMovies | C18: =COUNTIF(Telco[StreamingMovies],"Yes")/COUNTA(Telco[StreamingMovies]) -> 0.38790288 | F18: One year | G18: No internet service | H18: No internet service | I18: =IF(Telco[[#This Row],[Churn]]="Yes",1,0) -> 0 | J18: Mailed check | K18: 8191-XWSZG
A19: % avec PhoneService : | C19: =COUNTIF(Telco[PhoneService],"Yes")/COUNTA(Telco[PhoneService]) -> 0.90316626 | F19: Two year | G19: Yes | H19: No | I19: =IF(Telco[[#This Row],[Churn]]="Yes",1,0) -> 0 | J19: Bank transfer (automatic) | K19: 9959-WOFKT
A20: % avec MultipleLines | C20: =COUNTIF(Telco[MultipleLines],"Yes")/COUNTA(Telco[MultipleLines]) -> 0.42183729 | F20: Month-to-month | G20: No | H20: Yes | I20: =IF(Telco[[#This Row],[Churn]]="Yes",1,0) -> 1 | J20: Credit card (automatic) | K20: 4190-MFLUW
A21: Moyenne charges mensuelles : | B21: =AVERAGE(Telco[MonthlyCharges]) -> 64.761692 | F21: Month-to-month | G21: No | H21: No | I21: =IF(Telco[[#This Row],[Churn]]="Yes",1,0) -> 0 | J21: Electronic check | K21: 4183-MYFRB | N21: Répartition du taux de désabonnement par méthode de paiement
A22: Charges totales trimestrielles (moyenne sur 3 mois) : | B22: =AVERAGE(Telco[MonthlyCharges])*3 -> 194.28508 | F22: Month-to-month | G22: No | H22: No | I22: =IF(Telco[[#This Row],[Churn]]="Yes",1,0) -> 1 | J22: Electronic check | K22: 8779-QRDMV
F23: One year | G23: No internet service | H23: No internet service | I23: =IF(Telco[[#This Row],[Churn]]="Yes",1,0) -> 0 | J23: Bank transfer (automatic) | K23: 1680-VDCWW | N23: Étiquettes de lignes | O23: Moyenne de ChurnFlag
F24: Month-to-month | G24: No internet service | H24: No internet service | I24: =IF(Telco[[#This Row],[Churn]]="Yes",1,0) -> 1 | J24: Mailed check | K24: 1066-JKSGK | N24: Bank transfer (automatic) | O24: 0.16709845
A25: % churn clients âgés | C25: =AVERAGEIF(Telco[SeniorCitizen],1,Telco[ChurnFlag]) -> 0.41681261 | F25: Two year | G25: No | H25: Yes | I25: =IF(Telco[[#This Row],[Churn]]="Yes",1,0) -> 0 | J25: Credit card (automatic) | K25: 3638-WEABW | N25: Credit card (automatic) | O25: 0.15243101
A26: % churn clients non âgés : | C26: =AVERAGEIF(Telco[SeniorCitizen],0,Telco[ChurnFlag]) -> 0.23606168 | F26: Month-to-month | G26: Yes | H26: Yes | I26: =IF(Telco[[#This Row],[Churn]]="Yes",1,0) -> 0 | J26: Credit card (automatic) | K26: 6322-HRPFA | N26: Electronic check | O26: 0.45285412
F27: Month-to-month | G27: Yes | H27: No | I27: =IF(Telco[[#This Row],[Churn]]="Yes",1,0) -> 0 | J27: Bank transfer (automatic) | K27: 6865-JZNKO | N27: Mailed check | O27: 0.191067
F28: Month-to-month | G28: No | H28: No | I28: =IF(Telco[[#This Row],[Churn]]="Yes",1,0) -> 1 | J28: Electronic check | K28: 6467-CHFZW | N28: (vide)
F29: Month-to-month | G29: No | H29: No | I29: =IF(Telco[[#This Row],[Churn]]="Yes",1,0) -> 1 | J29: Electronic check | K29: 8665-UTDHZ | N29: Total général | O29: 0.26536987
F30: Two year | G30: Yes | H30: Yes | I30: =IF(Telco[[#This Row],[Churn]]="Yes",1,0) -> 0 | J30: Credit card (automatic) | K30: 5248-YGIJN
F31: Month-to-month | G31: No | H31: No | I31: =IF(Telco[[#This Row],[Churn]]="Yes",1,0) -> 1 | J31: Mailed check | K31: 8773-HHUOZ
F32: Two year | G32: Yes | H32: Yes | I32: =IF(Telco[[#This Row],[Churn]]="Yes",1,0) -> 0 | J32: Credit card (automatic) | K32: 3841-NFECX
F33: Month-to-month | G33: No | H33: No | I33: =IF(Telco[[#This Row],[Churn]]="Yes",1,0) -> 0 | J33: Credit card (automatic) | K33: 4929-XIHVW
F34: One year | G34: Yes | H34: Yes | I34: =IF(Telco[[#This Row],[Churn]]="Yes",1,0) -> 0 | J34: Mailed check | K34: 6827-IEAUQ | N34: Répartition du taux de désabonnement par durée du contrat
F35: Month-to-month | G35: No internet service | H35: No internet service | I35: =IF(Telco[[#This Row],[Churn]]="Yes",1,0) -> 0 | J35: Bank transfer (automatic) | K35: 7310-EGVHZ
F36: Month-to-month | G36: No | H36: No | I36: =IF(Telco[[#This Row],[Churn]]="Yes",1,0) -> 0 | J36: Bank transfer (automatic) | K36: 3413-BMNZE | N36: Étiquettes de lignes | O36: Moyenne de ChurnFlag
F37: Two year | G37: Yes | H37: Yes | I37: =IF(Telco[[#This Row],[Churn]]="Yes",1,0) -> 0 | J37: Bank transfer (automatic) | K37: 6234-RAAPL | N37: Month-to-month | O37: 0.42709677
F38: Month-to-month | G38: No | H38: No | I38: =IF(Telco[[#This Row],[Churn]]="Yes",1,0) -> 1 | J38: Electronic check | K38: 6047-YHPVI | N38: One year | O38: 0.11269518
F39: Month-to-month | G39: No | H39: No | I39: =IF(Telco[[#This Row],[Churn]]="Yes",1,0) -> 0 | J39: Credit card (automatic) | K39: 6572-ADKRS | N39: Two year | O39: 0.028318584
F40: Month-to-month | G40: No | H40: No | I40: =IF(Telco[[#This Row],[Churn]]="Yes",1,0) -> 1 | J40: Electronic check | K40: 5380-WJKOV | N40: (vide)
F41: Month-to-month | G41: No | H41: No | I41: =IF(Telco[[#This Row],[Churn]]="Yes",1,0) -> 1 | J41: Bank transfer (automatic) | K41: 8168-UQWWF | N41: Total général | O41: 0.26536987
F42: One year | G42: No | H42: No | I42: =IF(Telco[[#This Row],[Churn]]="Yes",1,0) -> 0 | J42: Mailed check | K42: 8865-TNMNX
F43: Two year | G43: Yes | H43: No | I43: =IF(Telco[[#This Row],[Churn]]="Yes",1,0) -> 0 | J43: Credit card (automatic) | K43: 9489-DEDVP
F44: One year | G44: No internet service | H44: No internet service | I44: =IF(Telco[[#This Row],[Churn]]="Yes",1,0) -> 0 | J44: Mailed check | K44: 9867-JCZSP
F45: Two year | G45: Yes | H45: Yes | I45: =IF(Telco[[#This Row],[Churn]]="Yes",1,0) -> 0 | J45: Credit card (automatic) | K45: 4671-VJLCL
F46: Month-to-month | G46: Yes | H46: Yes | I46: =IF(Telco[[#This Row],[Churn]]="Yes",1,0) -> 0 | J46: Electronic check | K46: 4080-IIARD | N46: Impact de la sécurité en ligne et du support technique sur le churn
F47: Month-to-month | G47: No | H47: No | I47: =IF(Telco[[#This Row],[Churn]]="Yes",1,0) -> 0 | J47: Electronic check | K47: 3714-NTNFO
F48: Month-to-month | G48: No | H48: No | I48: =IF(Telco[[#This Row],[Churn]]="Yes",1,0) -> 0 | J48: Mailed check | K48: 5948-UJZLF
F49: Month-to-month | G49: No | H49: No | I49: =IF(Telco[[#This Row],[Churn]]="Yes",1,0) -> 1 | J49: Electronic check | K49: 7760-OYPDY | N49: Moyenne de ChurnFlag | O49: Étiquettes de colonnes
F50: Two year | G50: Yes | H50: Yes | I50: =IF(Telco[[#This Row],[Churn]]="Yes",1,0) -> 0 | J50: Credit card (automatic) | K50: 7639-LIAYI | N50: Étiquettes de lignes | O50: No | P50: No internet service | Q50: Yes | R50: (vide) | S50: Total général
F51: Two year | G51: Yes | H51: Yes | I51: =IF(Telco[[#This Row],[Churn]]="Yes",1,0) -> 0 | J51: Credit card (automatic) | K51: 2954-PIBKO | N51: No | O51: 0.48962005 | Q51: 0.22328042 | S51: 0.41766724
F52: Month-to-month | G52: No | H52: No | I52: =IF(Telco[[#This Row],[Churn]]="Yes",1,0) -> 0 | J52: Electronic check | K52: 8012-SOUDQ | N52: No internet service | P52: 0.074049803 | S52: 0.074049803
F53: Month-to-month | G53: Yes | H53: No | I53: =IF(Telco[[#This Row],[Churn]]="Yes",1,0) -> 1 | J53: Credit card (automatic) | K53: 9420-LOJKX | N53: Yes | O53: 0.21304348 | Q53: 0.090081893 | S53: 0.14611194
F54: Month-to-month | G54: Yes | H54: Yes | I54: =IF(Telco[[#This Row],[Churn]]="Yes",1,0) -> 0 | J54: Credit card (automatic) | K54: 6575-SUVOI | N54: (vide)
F55: Month-to-month | G55: No | H55: No | I55: =IF(Telco[[#This Row],[Churn]]="Yes",1,0) -> 1 | J55: Credit card (automatic) | K55: 7495-OOKFY | N55: Total général | O55: 0.41635474 | P55: 0.074049803 | Q55: 0.15166341 | S55: 0.26536987
F56: One year | G56: Yes | H56: Yes | I56: =IF(Telco[[#This Row],[Churn]]="Yes",1,0) -> 0 | J56: Credit card (automatic) | K56: 4667-QONEA
F57: Month-to-month | G57: No | H57: No | I57: =IF(Telco[[#This Row],[Churn]]="Yes",1,0) -> 1 | J57: Electronic check | K57: 1658-BYGOY
F58: One year | G58: Yes | H58: No | I58: =IF(Telco[[#This Row],[Churn]]="Yes",1,0) -> 0 | J58: Credit card (automatic) | K58: 8769-KKTPH
F59: One year | G59: No | H59: Yes | I59: =IF(Telco[[#This Row],[Churn]]="Yes",1,0) -> 0 | J59: Electronic check | K59: 5067-XJQFU
F60: Two year | G60: No internet service | H60: No internet service | I60: =IF(Telco[[#This Row],[Churn]]="Yes",1,0) -> 0 | J60: Credit card (automatic) | K60: 3957-SQXML
F61: Two year | G61: No | H61: Yes | I61: =IF(Telco[[#This Row],[Churn]]="Yes",1,0) -> 0 | J61: Credit card (automatic) | K61: 5954-BDFSG
F62: Month-to-month | G62: No | H62: No | I62: =IF(Telco[[#This Row],[Churn]]="Yes",1,0) -> 0 | J62: Electronic check | K62: 0434-CSFON
F63: Month-to-month | G63: No | H63: No | I63: =IF(Telco[[#This Row],[Churn]]="Yes",1,0) -> 0 | J63: Bank transfer (automatic) | K63: 1215-FIGMP
F64: Two year | G64: Yes | H64: No | I64: =IF(Telco[[#This Row],[Churn]]="Yes",1,0) -> 0 | J64: Bank transfer (automatic) | K64: 0526-SXDJP
F65: One year | G65: No | H65: Yes | I65: =IF(Telco[[#This Row],[Churn]]="Yes",1,0) -> 0 | J65: Credit card (automatic) | K65: 0557-ASKVU
F66: Month-to-month | G66: No | H66: No | I66: =IF(Telco[[#This Row],[Churn]]="Yes",1,0) -> 1 | J66: Electronic check | K66: 5698-BQJOH
F67: Month-to-month | G67: No | H67: Yes | I67: =IF(Telco[[#This Row],[Churn]]="Yes",1,0) -> 0 | J67: Electronic check | K67: 5122-CYFXA
... F7044: Two year | G7044: Yes | H7044: Yes | I7044: =IF(Telco[[#This Row],[Churn]]="Yes",1,0) -> 0 | J7044: Bank transfer (automatic) | K7044: 3186-AJIEK

Sheet Dashboard
A1: Taux de churn (%) | C1: Clients masculins/féminins (%) | E1: % de clients agés | F1: % de clients non agés | G1: Montant mensuel moyen
A3: ='feuille KPI'!$B$2 -> 0.26536987 | C3: ='feuille KPI'!$C$4 -> 0.5047565 | D3: ='feuille KPI'!$C$5 -> 0.4952435 | E3: ='feuille KPI'!$C$8 -> 0.16214681 | F3: ='feuille KPI'!$C$9 -> 0.83785319 | G3: ='feuille KPI'!$B$21 -> 64.761692
